{
  "bra": {
    "precision": 0.0,
    "recall": 0.0,
    "f1-score": 0.0,
    "support": 2,
    "confused_with": {
      "element": 2
    }
  },
  "element": {
    "precision": 0.7777777777777778,
    "recall": 1.0,
    "f1-score": 0.8750000000000001,
    "support": 7,
    "confused_with": {}
  },
  "sport_name": {
    "precision": 1.0,
    "recall": 1.0,
    "f1-score": 1.0,
    "support": 29,
    "confused_with": {}
  },
  "bra_name": {
    "precision": 1.0,
    "recall": 1.0,
    "f1-score": 1.0,
    "support": 15,
    "confused_with": {}
  },
  "micro avg": {
    "precision": 0.9622641509433962,
    "recall": 0.9622641509433962,
    "f1-score": 0.9622641509433962,
    "support": 53
  },
  "macro avg": {
    "precision": 0.6944444444444444,
    "recall": 0.75,
    "f1-score": 0.71875,
    "support": 53
  },
  "weighted avg": {
    "precision": 0.9329140461215932,
    "recall": 0.9622641509433962,
    "f1-score": 0.9457547169811321,
    "support": 53
  },
  "accuracy": 0.9947643979057592
}